iso,iso3digit,iso2digit,isonum,country,spanish,french,parent,parentrel,startyear,endyear,region,continent,wb.income,imf.advem,undp.hdi,regionalbloc,broad.triad,m49.major,m49.minor,m49.dd,g20,g7brics,oecd,eea,cptpp,afcfta,currency,curiso,iso3alt
ABW,ABW,AW,533,Aruba,Aruba,Aruba,Netherlands,Constituent Country,,,"S. & C. America, Caribbean",North America,High-income economies,Advanced Economies,,,North America,Americas,Caribbean,Developing and Transition,Non G20,,Non-OECD,Not in Europe,Not in Pacific Region,Not in Africa,Aruban Florin,AWG,ABW
AFG,AFG,AF,4,Afghanistan,Afganistán,Afghanistan,,,,,South & Central Asia,Asia,Low-income economies,Emerging and Developing Economies,Low human development,SAARC,Asia Pacific,Asia,Southern Asia,Developing and Transition,Non G20,Other Emerging and Developing Economies,Non-OECD,Not in Europe,Not in Pacific Region,Not in Africa,Afghani,AFN,AFG
AGO,AGO,AO,24,Angola,Angola,Angola,,,,,Sub-Saharan Africa,Africa,Lower-middle-income economies,Emerging and Developing Economies,Low human development,SADC,,Africa,Middle Africa,Developing and Transition,Non G20,Other Emerging and Developing Economies,Non-OECD,Not in Europe,Not in Pacific Region,"Signed, not ratified",Kwanza,AOA,AGO
AIA,AIA,AI,660,Anguilla,Anguila,Anguilla,United Kingdom,Overseas Territory,,,"S. & C. America, Caribbean",North America,,Advanced Economies,,,North America,Americas,Caribbean,Developing and Transition,Non G20,,Non-OECD,Not in Europe,Not in Pacific Region,Not in Africa,East Caribbean Dollar,XCD,AIA
ALA,ALA,AX,248,Aland Islands,Islas Aland,Iles Aland,Finland,Autonomous Region,,,Europe,Europe,,Advanced Economies,,,Europe,Europe,Northern Europe,Developed,Non G20,,Non-OECD,Other Europe,Not in Pacific Region,Not in Africa,Euro,EUR,ALA
ALB,ALB,AL,8,Albania,Albania,Albanie,,,,,Europe,Europe,Upper-middle-income economies,Emerging and Developing Economies,High human development,,Europe,Europe,Southern Europe,Developed,Non G20,Other Emerging and Developing Economies,Non-OECD,Other Europe,Not in Pacific Region,Not in Africa,Lek,ALL,ALB
AND,AND,AD,20,Andorra,Andorra,Andorre,,,,,Europe,Europe,High-income economies,Advanced Economies,Very high human development,,Europe,Europe,Southern Europe,Developed,Non G20,,Non-OECD,Other Europe,Not in Pacific Region,Not in Africa,Euro,EUR,ADO
ANT,ANT,AN,530,Netherlands Antilles,Antillas Holandesas,Antilles néerlandaises,Netherlands,Constituent Country (Obsolete),,2010,"S. & C. America, Caribbean",North America,,Advanced Economies,,,North America,,,,Non G20,,Non-OECD,Not in Europe,Not in Pacific Region,Not in Africa,,,ANT
ARE,ARE,AE,784,United Arab Emirates,Emiratos Árabes Unidos,Emirats Arabes Unis,,,,,Middle East & N. Africa,Asia,High-income economies,Emerging and Developing Economies,Very high human development,GCC,Asia Pacific,Asia,Western Asia,Developing and Transition,Non G20,Other Emerging and Developing Economies,Non-OECD,Not in Europe,Not in Pacific Region,Not in Africa,UAE Dirham,AED,ARE
ARG,ARG,AR,32,Argentina,Argentina,Argentine,,,,,"S. & C. America, Caribbean",South America,Upper-middle-income economies,Emerging and Developing Economies,Very high human development,Mercosur,,Americas,South America,Developing and Transition,G20,Other Emerging and Developing Economies,Non-OECD,Not in Europe,Not in Pacific Region,Not in Africa,Argentine Peso,ARS,ARG
ARM,ARM,AM,51,Armenia,Armenia,Arménie,,,,,South & Central Asia,Asia,Lower-middle-income economies,Emerging and Developing Economies,High human development,,Asia Pacific,Asia,Western Asia,Developing and Transition,Non G20,Other Emerging and Developing Economies,Non-OECD,Not in Europe,Not in Pacific Region,Not in Africa,Armenian Dram,AMD,ARM
ASM,ASM,AS,16,American Samoa,Samoa Americana,Samoa américaines,United States,Unincorporated Territory,,,East Asia & Pacific,Oceania,Upper-middle-income economies,Advanced Economies,,,Asia Pacific,Oceania,Polynesia,Developing and Transition,Non G20,,Non-OECD,Not in Europe,United States,Not in Africa,US Dollar,USD,ASM
ATA,ATA,AQ,10,Antarctica,Antártida,Antarctique,,,,,,,,,,,,,,,,,,Not in Europe,Not in Pacific Region,Not in Africa,,,ATA
ATF,ATF,TF,260,French Southern and Antarctic Lands,Tierras australes y antárticas francesas,Terres australes et antarctiques françaises,France,Overseas Territory,,,Sub-Saharan Africa,Africa,,Advanced Economies,,,,,,,Non G20,,Non-OECD,Not in Europe,Not in Pacific Region,Other Africa,Euro,EUR,ATF
ATG,ATG,AG,28,Antigua and Barbuda,Antigua y Barbuda,Antigua-et-Barbuda,,,,,"S. & C. America, Caribbean",North America,High-income economies,Emerging and Developing Economies,High human development,CARICOM,North America,Americas,Caribbean,Developing and Transition,Non G20,Other Emerging and Developing Economies,Non-OECD,Not in Europe,Not in Pacific Region,Not in Africa,East Caribbean Dollar,XCD,ATG
AUS,AUS,AU,36,Australia,Australia,Australie,,,,,East Asia & Pacific,Oceania,High-income economies,Advanced Economies,Very high human development,,Asia Pacific,Oceania,Australia and New Zealand,Developed,G20,Other Advanced Economies,OECD,Not in Europe,CPTPP,Not in Africa,Australian Dollar,AUD,AUS
AUT,AUT,AT,40,Austria,Austria,L'Autriche,,,,,Europe,Europe,High-income economies,Advanced Economies,Very high human development,European Union,Europe,Europe,Western Europe,Developed,Non G20,Other Advanced Economies,OECD,EEA,Not in Pacific Region,Not in Africa,Euro,EUR,AUT
AZE,AZE,AZ,31,Azerbaijan,Azerbaiyán,Azerbaïdjan,,,,,South & Central Asia,Asia,Upper-middle-income economies,Emerging and Developing Economies,High human development,,Asia Pacific,Asia,Western Asia,Developing and Transition,Non G20,Other Emerging and Developing Economies,Non-OECD,Not in Europe,Not in Pacific Region,Not in Africa,Azerbaijanian Manat,AZN,AZE
BDI,BDI,BI,108,Burundi,Burundi,Burundi,,,,,Sub-Saharan Africa,Africa,Low-income economies,Emerging and Developing Economies,Low human development,COMESA,,Africa,Eastern Africa,Developing and Transition,Non G20,Other Emerging and Developing Economies,Non-OECD,Not in Europe,Not in Pacific Region,"Signed, not ratified",Burundi Franc,BIF,BDI
BEL,BEL,BE,56,Belgium,Bélgica,Belgique,,,,,Europe,Europe,High-income economies,Advanced Economies,Very high human development,European Union,Europe,Europe,Western Europe,Developed,Non G20,Other Advanced Economies,OECD,EEA,Not in Pacific Region,Not in Africa,Euro,EUR,BEL
BEN,BEN,BJ,204,Benin,Benin,Bénin,,,,,Sub-Saharan Africa,Africa,Low-income economies,Emerging and Developing Economies,Low human development,ECOWAS + WAEMU,,Africa,Western Africa,Developing and Transition,Non G20,Other Emerging and Developing Economies,Non-OECD,Not in Europe,Not in Pacific Region,"Signed, not ratified",CFA Franc BCEAO,XOF,BEN
BES,BES,BQ,535,"Bonaire, Sint Eustatius and Saba","Bonaire, San Eustaquio y Saba","Bonaire, Saint-Eustache et Saba",Netherlands,Special Municipality,,,"S. & C. America, Caribbean",North America,,Advanced Economies,,,North America,Americas,Caribbean,Developing and Transition,Non G20,,Non-OECD,Not in Europe,Not in Pacific Region,Not in Africa,US Dollar,USD,BES
BFA,BFA,BF,854,Burkina Faso,Burkina Faso,Burkina Faso,,,,,Sub-Saharan Africa,Africa,Low-income economies,Emerging and Developing Economies,Low human development,ECOWAS + WAEMU,,Africa,Western Africa,Developing and Transition,Non G20,Other Emerging and Developing Economies,Non-OECD,Not in Europe,Not in Pacific Region,"Signed, not ratified",CFA Franc BCEAO,XOF,BFA
BGD,BGD,BD,50,Bangladesh,Bangladesh,Bangladesh,,,,,South & Central Asia,Asia,Lower-middle-income economies,Emerging and Developing Economies,Medium human development,SAARC,Asia Pacific,Asia,Southern Asia,Developing and Transition,Non G20,Other Emerging and Developing Economies,Non-OECD,Not in Europe,Not in Pacific Region,Not in Africa,Taka,BDT,BGD
BGR,BGR,BG,100,Bulgaria,Bulgaria,Bulgarie,,,,,Europe,Europe,Upper-middle-income economies,Emerging and Developing Economies,High human development,European Union,Europe,Europe,Eastern Europe,Developed,Non G20,Other Emerging and Developing Economies,Non-OECD,EEA,Not in Pacific Region,Not in Africa,Bulgarian Lev,BGN,BGR
BHR,BHR,BH,48,Bahrain,Bahrein,Bahrein,,,,,Middle East & N. Africa,Asia,High-income economies,Emerging and Developing Economies,Very high human development,GCC,Asia Pacific,Asia,Western Asia,Developing and Transition,Non G20,Other Emerging and Developing Economies,Non-OECD,Not in Europe,Not in Pacific Region,Not in Africa,Bahraini Dinar,BHD,BHR
BHS,BHS,BS,44,Bahamas,Bahamas,Bahamas,,,,,"S. & C. America, Caribbean",North America,High-income economies,Emerging and Developing Economies,High human development,CARICOM,North America,Americas,Caribbean,Developing and Transition,Non G20,Other Emerging and Developing Economies,Non-OECD,Not in Europe,Not in Pacific Region,Not in Africa,Bahamian Dollar,BSD,BHS
BIH,BIH,BA,70,Bosnia and Herzegovina,Bosnia y Herzegovina,Bosnie Herzégovine,,,,,Europe,Europe,Upper-middle-income economies,Emerging and Developing Economies,High human development,,Europe,Europe,Southern Europe,Developed,Non G20,Other Emerging and Developing Economies,Non-OECD,Other Europe,Not in Pacific Region,Not in Africa,Convertible Mark,BAM,BIH
BLM,BLM,BL,652,Saint Barthelemy,San Bartolomé,Saint Barthelemy,France,Overseas Collectivity,,,"S. & C. America, Caribbean",North America,,Advanced Economies,,,North America,Americas,Caribbean,Developing and Transition,Non G20,,Non-OECD,Not in Europe,Not in Pacific Region,Not in Africa,Euro,EUR,BLM
BLR,BLR,BY,112,Belarus,Bielorrusia,Biélorussie,,,,,Europe,Europe,Upper-middle-income economies,Emerging and Developing Economies,High human development,,Europe,Europe,Eastern Europe,Developed,Non G20,Other Emerging and Developing Economies,Non-OECD,Other Europe,Not in Pacific Region,Not in Africa,Belarusian Ruble,BYR,BLR
BLZ,BLZ,BZ,84,Belize,Belice,Belize,,,,,"S. & C. America, Caribbean",North America,Upper-middle-income economies,Emerging and Developing Economies,High human development,CARICOM + SICA,North America,Americas,Central America,Developing and Transition,Non G20,Other Emerging and Developing Economies,Non-OECD,Not in Europe,Not in Pacific Region,Not in Africa,Belize Dollar,BZD,BLZ
BMU,BMU,BM,60,Bermuda,islas Bermudas,Bermudes,United Kingdom,Overseas Territory,,,North America,North America,High-income economies,Advanced Economies,,,North America,Americas,Northern America,Developed,Non G20,,Non-OECD,Not in Europe,Not in Pacific Region,Not in Africa,Bermudian Dollar,BMD,BMU
BOL,BOL,BO,68,Bolivia (Plurinational State of),Bolivia (Estado Plurinacional de),Bolivie (État plurinational de),,,,,"S. & C. America, Caribbean",South America,Lower-middle-income economies,Emerging and Developing Economies,Medium human development,Andean Community (CAN),,Americas,South America,Developing and Transition,Non G20,Other Emerging and Developing Economies,Non-OECD,Not in Europe,Not in Pacific Region,Not in Africa,Boliviano,BOB,BOL
BRA,BRA,BR,76,Brazil,Brasil,Brésil,,,,,"S. & C. America, Caribbean",South America,Upper-middle-income economies,Emerging and Developing Economies,High human development,Mercosur,,Americas,South America,Developing and Transition,G20,BRICs,Non-OECD,Not in Europe,Not in Pacific Region,Not in Africa,Brazilian Real,BRL,BRA
BRB,BRB,BB,52,Barbados,Barbados,Barbade,,,,,"S. & C. America, Caribbean",North America,High-income economies,Emerging and Developing Economies,High human development,CARICOM,North America,Americas,Caribbean,Developing and Transition,Non G20,Other Emerging and Developing Economies,Non-OECD,Not in Europe,Not in Pacific Region,Not in Africa,Barbados Dollar,BBD,BRB
BRN,BRN,BN,96,Brunei Darussalam,Brunei Darussalam,Brunei Darussalam,,,,,East Asia & Pacific,Asia,High-income economies,Emerging and Developing Economies,Very high human development,ASEAN,Asia Pacific,Asia,South-Eastern Asia,Developing and Transition,Non G20,Other Emerging and Developing Economies,Non-OECD,Not in Europe,CPTPP,Not in Africa,Brunei Dollar,BND,BRN
BTN,BTN,BT,64,Bhutan,Bután,Bhoutan,,,,,South & Central Asia,Asia,Lower-middle-income economies,Emerging and Developing Economies,Medium human development,SAARC,Asia Pacific,Asia,Southern Asia,Developing and Transition,Non G20,Other Emerging and Developing Economies,Non-OECD,Not in Europe,Not in Pacific Region,Not in Africa,Ngultrum,BTN,BTN
BVT,BVT,BV,74,Bouvet Island,Isla Bouvet,Île Bouvet,Norway,Dependency,,,Sub-Saharan Africa,Africa,,Advanced Economies,,,,,,,Non G20,,Non-OECD,Not in Europe,Not in Pacific Region,Other Africa,Norwegian Krone,NOK,BVT
BWA,BWA,BW,72,Botswana,Botsuana,Botswana,,,,,Sub-Saharan Africa,Africa,Upper-middle-income economies,Emerging and Developing Economies,Medium human development,SADC,,Africa,Southern Africa,Developing and Transition,Non G20,Other Emerging and Developing Economies,Non-OECD,Not in Europe,Not in Pacific Region,"Signed, not ratified",Pula,BWP,BWA
CAF,CAF,CF,140,Central African Republic,República Centroafricana,République centrafricaine,,,,,Sub-Saharan Africa,Africa,Low-income economies,Emerging and Developing Economies,Low human development,CEMAC,,Africa,Middle Africa,Developing and Transition,Non G20,Other Emerging and Developing Economies,Non-OECD,Not in Europe,Not in Pacific Region,"Signed, not ratified",CFA Franc BEAC,XAF,CAF
CAN,CAN,CA,124,Canada,Canadá,Canada,,,,,North America,North America,High-income economies,Advanced Economies,Very high human development,NAFTA,North America,Americas,Northern America,Developed,G20,G7,OECD,Not in Europe,CPTPP,Not in Africa,Canadian Dollar,CAD,CAN
CCK,CCK,CC,166,Cocos (Keeling) Islands,Islas Cocos (Keeling),Îles Cocos (Keeling),Australia,External Territory,,,East Asia & Pacific,Oceania,,Advanced Economies,,,Asia Pacific,,,,Non G20,,Non-OECD,Not in Europe,Other Pacific Region,Not in Africa,Australian Dollar,AUD,CCK
CHE,CHE,CH,756,Switzerland,Suiza,Suisse,,,,,Europe,Europe,High-income economies,Advanced Economies,Very high human development,EFTA,Europe,Europe,Western Europe,Developed,Non G20,Other Advanced Economies,OECD,Other Europe,Not in Pacific Region,Not in Africa,Swiss Franc,CHF,CHE
CHL,CHL,CL,152,Chile,Chile,Chili,,,,,"S. & C. America, Caribbean",South America,High-income economies,Emerging and Developing Economies,Very high human development,,,Americas,South America,Developing and Transition,Non G20,Other Emerging and Developing Economies,OECD,Not in Europe,CPTPP,Not in Africa,Chilean Peso,CLP,CHL
CHN,CHN,CN,156,China,China,Chine,,,,,East Asia & Pacific,Asia,Upper-middle-income economies,Emerging and Developing Economies,High human development,,Asia Pacific,Asia,Eastern Asia,Developing and Transition,G20,BRICs,Non-OECD,Not in Europe,China,Not in Africa,Yuan Renminbi,CNY,CHN
CIV,CIV,CI,384,Cote d'Ivoire,Costa de Marfil,Côte d'Ivoire,,,,,Sub-Saharan Africa,Africa,Lower-middle-income economies,Emerging and Developing Economies,Low human development,ECOWAS + WAEMU,,Africa,Western Africa,Developing and Transition,Non G20,Other Emerging and Developing Economies,Non-OECD,Not in Europe,Not in Pacific Region,Ratified,CFA Franc BCEAO,XOF,CIV
CMR,CMR,CM,120,Cameroon,Camerún,Cameroun,,,,,Sub-Saharan Africa,Africa,Lower-middle-income economies,Emerging and Developing Economies,Low human development,CEMAC,,Africa,Middle Africa,Developing and Transition,Non G20,Other Emerging and Developing Economies,Non-OECD,Not in Europe,Not in Pacific Region,"Signed, not ratified",CFA Franc BEAC,XAF,CMR
COD,COD,CD,180,Democratic Republic of the Congo,República Democrática del Congo,République Démocratique du Congo,,,,,Sub-Saharan Africa,Africa,Low-income economies,Emerging and Developing Economies,Low human development,COMESA + SADC,,Africa,Middle Africa,Developing and Transition,Non G20,Other Emerging and Developing Economies,Non-OECD,Not in Europe,Not in Pacific Region,"Signed, not ratified",Congolese Franc,CDF,ZAR
COG,COG,CG,178,Congo,Congo,Congo,,,,,Sub-Saharan Africa,Africa,Lower-middle-income economies,Emerging and Developing Economies,Medium human development,CEMAC,,Africa,Middle Africa,Developing and Transition,Non G20,Other Emerging and Developing Economies,Non-OECD,Not in Europe,Not in Pacific Region,Ratified,CFA Franc BEAC,XAF,COG
COK,COK,CK,184,Cook Islands,Islas Cook,les Îles Cook,New Zealand,Associated State,,,East Asia & Pacific,Oceania,,Advanced Economies,,,Asia Pacific,Oceania,Polynesia,Developing and Transition,Non G20,,Non-OECD,Not in Europe,Other Pacific Region,Not in Africa,New Zealand Dollar,NZD,COK
COL,COL,CO,170,Colombia,Colombia,Colombie,,,,,"S. & C. America, Caribbean",South America,Upper-middle-income economies,Emerging and Developing Economies,High human development,Andean Community (CAN),,Americas,South America,Developing and Transition,Non G20,Other Emerging and Developing Economies,Non-OECD,Not in Europe,Other Pacific Region,Not in Africa,Colombian Peso,COP,COL
COM,COM,KM,174,Comoros,Comoras,Comores,,,,,Sub-Saharan Africa,Africa,Low-income economies,Emerging and Developing Economies,Low human development,COMESA,,Africa,Eastern Africa,Developing and Transition,Non G20,Other Emerging and Developing Economies,Non-OECD,Not in Europe,Not in Pacific Region,"Signed, not ratified",Comoro Franc,KMF,COM
CPV,CPV,CV,132,Cabo Verde,Cabo Verde,Cabo Verde,,,,,Sub-Saharan Africa,Africa,Lower-middle-income economies,Emerging and Developing Economies,Medium human development,ECOWAS,,Africa,Western Africa,Developing and Transition,Non G20,Other Emerging and Developing Economies,Non-OECD,Not in Europe,Not in Pacific Region,"Signed, not ratified",Cabo Verde Escudo,CVE,CPV
CRI,CRI,CR,188,Costa Rica,Costa Rica,Costa Rica,,,,,"S. & C. America, Caribbean",North America,Upper-middle-income economies,Emerging and Developing Economies,High human development,SICA,North America,Americas,Central America,Developing and Transition,Non G20,Other Emerging and Developing Economies,Non-OECD,Not in Europe,Other Pacific Region,Not in Africa,Costa Rican Colon,CRC,CRI
CSK,CSK,,200,Czechoslovakia,Checoslovaquia,Tchécoslovaquie,,,,1993,Europe,Europe,,,,,Europe,,,,Non G20,,Non-OECD,Other Europe,Not in Pacific Region,Not in Africa,,,
CUB,CUB,CU,192,Cuba,Cuba,Cuba,,,,,"S. & C. America, Caribbean",North America,Upper-middle-income economies,Emerging and Developing Economies,High human development,,North America,Americas,Caribbean,Developing and Transition,Non G20,,Non-OECD,Not in Europe,Not in Pacific Region,Not in Africa,Cuban Peso,CUP,CUB
CUW,CUW,CW,531,Curacao,Curacao,Curacao,Netherlands,Constituent Country,,,"S. & C. America, Caribbean",North America,High-income economies,Advanced Economies,,,North America,Americas,Caribbean,Developing and Transition,Non G20,,Non-OECD,Not in Europe,Not in Pacific Region,Not in Africa,Netherlands Antillean Guilder,ANG,CUW
CXR,CXR,CX,162,Christmas Island,Islas Navideñas,L'île de noël,Australia,External Territory,,,East Asia & Pacific,Asia,,Advanced Economies,,,Asia Pacific,,,,Non G20,,Non-OECD,Not in Europe,Other Pacific Region,Not in Africa,Australian Dollar,AUD,CXR
CYM,CYM,KY,136,Cayman Islands,Islas Caimán,Îles Caïmans,United Kingdom,Overseas Territory,,,"S. & C. America, Caribbean",North America,High-income economies,Advanced Economies,,,North America,Americas,Caribbean,Developing and Transition,Non G20,,Non-OECD,Not in Europe,Not in Pacific Region,Not in Africa,Cayman Islands Dollar,KYD,CYM
CYP,CYP,CY,196,Cyprus,Chipre,Chypre,,,,,Europe,Europe,High-income economies,Advanced Economies,Very high human development,European Union,Europe,Asia,Western Asia,Developing and Transition,Non G20,Other Advanced Economies,Non-OECD,EEA,Not in Pacific Region,Not in Africa,Euro,EUR,CYP
CZE,CZE,CZ,203,Czechia,Chequia,Tchéquie,,,1993,,Europe,Europe,High-income economies,Advanced Economies,Very high human development,European Union,Europe,Europe,Eastern Europe,Developed,Non G20,Other Advanced Economies,OECD,EEA,Not in Pacific Region,Not in Africa,Czech Koruna,CZK,CZE
DDR,DDR,DD,278,German Democratic Republic,República Democrática Alemana,République démocratique allemande,,,,1990,Europe,Europe,,,,,Europe,,,,Non G20,,Non-OECD,Other Europe,Not in Pacific Region,Not in Africa,,,
DEU,DEU,DE,276,Germany,Alemania,Allemagne,,,,,Europe,Europe,High-income economies,Advanced Economies,Very high human development,European Union,Europe,Europe,Western Europe,Developed,G20,G7,OECD,EEA,Not in Pacific Region,Not in Africa,Euro,EUR,DEU
DJI,DJI,DJ,262,Djibouti,Djibouti,Djibouti,,,,,Middle East & N. Africa,Africa,Lower-middle-income economies,Emerging and Developing Economies,Low human development,COMESA,,Africa,Eastern Africa,Developing and Transition,Non G20,Other Emerging and Developing Economies,Non-OECD,Not in Europe,Not in Pacific Region,Ratified,Djibouti Franc,DJF,DJI
DMA,DMA,DM,212,Dominica,Dominica,Dominique,,,,,"S. & C. America, Caribbean",North America,Upper-middle-income economies,Emerging and Developing Economies,High human development,CARICOM,North America,Americas,Caribbean,Developing and Transition,Non G20,Other Emerging and Developing Economies,Non-OECD,Not in Europe,Not in Pacific Region,Not in Africa,East Caribbean Dollar,XCD,DMA
DNK,DNK,DK,208,Denmark,Dinamarca,Danemark,,,,,Europe,Europe,High-income economies,Advanced Economies,Very high human development,European Union,Europe,Europe,Northern Europe,Developed,Non G20,Other Advanced Economies,OECD,EEA,Not in Pacific Region,Not in Africa,Danish Krone,DKK,DNK
DOM,DOM,DO,214,Dominican Republic,República Dominicana,République Dominicaine,,,,,"S. & C. America, Caribbean",North America,Upper-middle-income economies,Emerging and Developing Economies,High human development,SICA,North America,Americas,Caribbean,Developing and Transition,Non G20,Other Emerging and Developing Economies,Non-OECD,Not in Europe,Not in Pacific Region,Not in Africa,Dominican Peso,DOP,DOM
DZA,DZA,DZ,12,Algeria,Argelia,Algérie,,,,,Middle East & N. Africa,Africa,Upper-middle-income economies,Emerging and Developing Economies,High human development,,,Africa,Northern Africa,Developing and Transition,Non G20,Other Emerging and Developing Economies,Non-OECD,Not in Europe,Not in Pacific Region,"Signed, not ratified",Algerian Dinar,DZD,DZA
ECU,ECU,EC,218,Ecuador,Ecuador,Équateur,,,,,"S. & C. America, Caribbean",South America,Upper-middle-income economies,Emerging and Developing Economies,High human development,Andean Community (CAN),,Americas,South America,Developing and Transition,Non G20,Other Emerging and Developing Economies,Non-OECD,Not in Europe,Other Pacific Region,Not in Africa,US Dollar,USD,ECU
EGY,EGY,EG,818,Egypt,Egipto,Egypte,,,,,Middle East & N. Africa,Africa,Lower-middle-income economies,Emerging and Developing Economies,Medium human development,COMESA,,Africa,Northern Africa,Developing and Transition,Non G20,Other Emerging and Developing Economies,Non-OECD,Not in Europe,Not in Pacific Region,Ratified,Egyptian Pound,EGP,EGY
ERI,ERI,ER,232,Eritrea,Eritrea,Érythrée,,,,,Sub-Saharan Africa,Africa,Low-income economies,Emerging and Developing Economies,Low human development,COMESA,,Africa,Eastern Africa,Developing and Transition,Non G20,Other Emerging and Developing Economies,Non-OECD,Not in Europe,Not in Pacific Region,Other Africa,Nakfa,ERN,ERI
ESH,ESH,EH,732,Western Sahara,Sahara Occidental,Sahara occidental,Morocco,Disputed Territory,,,Middle East & N. Africa,Africa,,Emerging and Developing Economies,,,,Africa,Northern Africa,Developing and Transition,Non G20,,Non-OECD,Not in Europe,Not in Pacific Region,Other Africa,Moroccan Dirham,MAD,ESH
ESP,ESP,ES,724,Spain,España,Espagne,,,,,Europe,Europe,High-income economies,Advanced Economies,Very high human development,European Union,Europe,Europe,Southern Europe,Developed,Non G20,Other Advanced Economies,OECD,EEA,Not in Pacific Region,Not in Africa,Euro,EUR,ESP
EST,EST,EE,233,Estonia,Estonia,Estonie,,,,,Europe,Europe,High-income economies,Advanced Economies,Very high human development,European Union,Europe,Europe,Northern Europe,Developed,Non G20,Other Advanced Economies,OECD,EEA,Not in Pacific Region,Not in Africa,Euro,EUR,EST
ETH,ETH,ET,231,Ethiopia,Etiopía,Ethiopie,,,,,Sub-Saharan Africa,Africa,Low-income economies,Emerging and Developing Economies,Low human development,COMESA,,Africa,Eastern Africa,Developing and Transition,Non G20,Other Emerging and Developing Economies,Non-OECD,Not in Europe,Not in Pacific Region,Ratified,Ethiopian Birr,ETB,ETH
FIN,FIN,FI,246,Finland,Finlandia,Finlande,,,,,Europe,Europe,High-income economies,Advanced Economies,Very high human development,European Union,Europe,Europe,Northern Europe,Developed,Non G20,Other Advanced Economies,OECD,EEA,Not in Pacific Region,Not in Africa,Euro,EUR,FIN
FJI,FJI,FJ,242,Fiji,Fiyi,Fidji,,,,,East Asia & Pacific,Oceania,Upper-middle-income economies,Emerging and Developing Economies,High human development,,Asia Pacific,Oceania,Melanesia,Developing and Transition,Non G20,Other Emerging and Developing Economies,Non-OECD,Not in Europe,Other Pacific Region,Not in Africa,Fiji Dollar,FJD,FJI
FLK,FLK,FK,238,Falkland Islands (Malvinas),Islas Malvinas (Falkland Islands),Îles Falkland (Malvinas),United Kingdom,Overseas Territory,,,"S. & C. America, Caribbean",South America,,Advanced Economies,,,,Americas,South America,Developing and Transition,Non G20,,Non-OECD,Not in Europe,Not in Pacific Region,Not in Africa,Falkland Islands Pound,FKP,FLK
FRA,FRA,FR,250,France,Francia,France,,,,,Europe,Europe,High-income economies,Advanced Economies,Very high human development,European Union,Europe,Europe,Western Europe,Developed,G20,G7,OECD,EEA,Not in Pacific Region,Not in Africa,Euro,EUR,FRA
FRO,FRO,FO,234,Faeroe Islands,Islas Feroe,Îles Féroé,Denmark,Autonomous Country,,,Europe,Europe,High-income economies,Advanced Economies,,,Europe,Europe,Northern Europe,Developed,Non G20,,Non-OECD,Other Europe,Not in Pacific Region,Not in Africa,Danish Krone,DKK,FRO
FSM,FSM,FM,583,Micronesia (Federated States of),Micronesia (Estados Federados de),Micronésie (États fédérés de),,,,,East Asia & Pacific,Oceania,Lower-middle-income economies,Emerging and Developing Economies,Medium human development,,Asia Pacific,Oceania,Micronesia,Developing and Transition,Non G20,Other Emerging and Developing Economies,Non-OECD,Not in Europe,Other Pacific Region,Not in Africa,US Dollar,USD,FSM
GAB,GAB,GA,266,Gabon,Gabón,Gabon,,,,,Sub-Saharan Africa,Africa,Upper-middle-income economies,Emerging and Developing Economies,Medium human development,CEMAC,,Africa,Middle Africa,Developing and Transition,Non G20,Other Emerging and Developing Economies,Non-OECD,Not in Europe,Not in Pacific Region,"Signed, not ratified",CFA Franc BEAC,XAF,GAB
GBR,GBR,GB,826,United Kingdom,Reino Unido,Royaume-Uni,,,,,Europe,Europe,High-income economies,Advanced Economies,Very high human development,European Union,Europe,Europe,Northern Europe,Developed,G20,G7,OECD,EEA,Not in Pacific Region,Not in Africa,Pound Sterling,GBP,GBR
GEO,GEO,GE,268,Georgia,Georgia,Géorgie,,,,,South & Central Asia,Asia,Lower-middle-income economies,Emerging and Developing Economies,High human development,,Asia Pacific,Asia,Western Asia,Developing and Transition,Non G20,Other Emerging and Developing Economies,Non-OECD,Not in Europe,Not in Pacific Region,Not in Africa,Lari,GEL,GEO
GGY,GGY,GG,831,Guernsey,Guernsey,Guernesey,United Kingdom,Crown Dependency,,,Europe,Europe,High-income economies,Advanced Economies,,,Europe,Europe,Northern Europe,Developed,Non G20,,Non-OECD,Other Europe,Not in Pacific Region,Not in Africa,Pound Sterling,GBP,GGY
GHA,GHA,GH,288,Ghana,Ghana,Ghana,,,,,Sub-Saharan Africa,Africa,Lower-middle-income economies,Emerging and Developing Economies,Medium human development,ECOWAS,,Africa,Western Africa,Developing and Transition,Non G20,Other Emerging and Developing Economies,Non-OECD,Not in Europe,Not in Pacific Region,Ratified,Ghana Cedi,GHS,GHA
GIB,GIB,GI,292,Gibraltar,Gibraltar,Gibraltar,United Kingdom,Overseas Territory,,,Europe,Europe,High-income economies,Advanced Economies,,,Europe,Europe,Southern Europe,Developed,Non G20,,Non-OECD,EEA,Not in Pacific Region,Not in Africa,Gibraltar Pound,GIP,GIB
GIN,GIN,GN,324,Guinea,Guinea,Guinée,,,,,Sub-Saharan Africa,Africa,Low-income economies,Emerging and Developing Economies,Low human development,ECOWAS,,Africa,Western Africa,Developing and Transition,Non G20,Other Emerging and Developing Economies,Non-OECD,Not in Europe,Not in Pacific Region,Ratified,Guinea Franc,GNF,GIN
GLP,GLP,GP,312,Guadeloupe,Guadalupe,Guadeloupe,France,Overseas Region,,,"S. & C. America, Caribbean",North America,,Advanced Economies,,,North America,Americas,Caribbean,Developing and Transition,Non G20,,Non-OECD,Not in Europe,Not in Pacific Region,Not in Africa,Euro,EUR,GLP
GMB,GMB,GM,270,Gambia,Gambia,Gambie,,,,,Sub-Saharan Africa,Africa,Low-income economies,Emerging and Developing Economies,Low human development,ECOWAS,,Africa,Western Africa,Developing and Transition,Non G20,Other Emerging and Developing Economies,Non-OECD,Not in Europe,Not in Pacific Region,Ratified,Dalasi,GMD,GMB
GNB,GNB,GW,624,Guinea-Bissau,Guinea-Bissau,Guinée-Bissau,,,,,Sub-Saharan Africa,Africa,Low-income economies,Emerging and Developing Economies,Low human development,ECOWAS + WAEMU,,Africa,Western Africa,Developing and Transition,Non G20,Other Emerging and Developing Economies,Non-OECD,Not in Europe,Not in Pacific Region,"Signed, not ratified",CFA Franc BCEAO,XOF,GNB
GNQ,GNQ,GQ,226,Equatorial Guinea,Guinea Ecuatorial,Guinée Équatoriale,,,,,Sub-Saharan Africa,Africa,Upper-middle-income economies,Emerging and Developing Economies,Medium human development,CEMAC,,Africa,Middle Africa,Developing and Transition,Non G20,Other Emerging and Developing Economies,Non-OECD,Not in Europe,Not in Pacific Region,"Signed, not ratified",CFA Franc BEAC,XAF,GNQ
GRC,GRC,GR,300,Greece,Grecia,Grèce,,,,,Europe,Europe,High-income economies,Advanced Economies,Very high human development,European Union,Europe,Europe,Southern Europe,Developed,Non G20,Other Advanced Economies,OECD,EEA,Not in Pacific Region,Not in Africa,Euro,EUR,GRC
GRD,GRD,GD,308,Grenada,Granada,Grenade,,,,,"S. & C. America, Caribbean",North America,Upper-middle-income economies,Emerging and Developing Economies,High human development,CARICOM,North America,Americas,Caribbean,Developing and Transition,Non G20,Other Emerging and Developing Economies,Non-OECD,Not in Europe,Not in Pacific Region,Not in Africa,East Caribbean Dollar,XCD,GRD
GRL,GRL,GL,304,Greenland,Groenlandia,Groenland,Denmark,,,,North America,North America,High-income economies,Advanced Economies,,,North America,Americas,Northern America,Developed,Non G20,,Non-OECD,Not in Europe,Not in Pacific Region,Not in Africa,Danish Krone,DKK,GRL
GTM,GTM,GT,320,Guatemala,Guatemala,Guatemala,,,,,"S. & C. America, Caribbean",North America,Lower-middle-income economies,Emerging and Developing Economies,Medium human development,SICA,North America,Americas,Central America,Developing and Transition,Non G20,Other Emerging and Developing Economies,Non-OECD,Not in Europe,Other Pacific Region,Not in Africa,Quetzal,GTQ,GTM
GUF,GUF,GF,254,French Guiana,Guayana Francesa,Guyane Française,France,Overseas Region,,,"S. & C. America, Caribbean",South America,,Advanced Economies,,,,Americas,South America,Developing and Transition,Non G20,,Non-OECD,Not in Europe,Not in Pacific Region,Not in Africa,Euro,EUR,GUF
GUM,GUM,GU,316,Guam,Guam,Guam,United States,Unincorporated Territory,,,East Asia & Pacific,Oceania,High-income economies,Advanced Economies,,,Asia Pacific,Oceania,Micronesia,Developing and Transition,Non G20,,Non-OECD,Not in Europe,United States,Not in Africa,US Dollar,USD,GUM
GUY,GUY,GY,328,Guyana,Guayana,Guyane,,,,,"S. & C. America, Caribbean",South America,Upper-middle-income economies,Emerging and Developing Economies,Medium human development,CARICOM,,Americas,South America,Developing and Transition,Non G20,Other Emerging and Developing Economies,Non-OECD,Not in Europe,Not in Pacific Region,Not in Africa,Guyana Dollar,GYD,GUY
HKG,HKG,HK,344,Hong Kong SAR (China),RAE de Hong Kong (China),RAS de Hong Kong (Chine),China,Special Administrative Region,,,East Asia & Pacific,Asia,High-income economies,Advanced Economies,Very high human development,,Asia Pacific,Asia,Eastern Asia,Developing and Transition,Non G20,Other Advanced Economies,Non-OECD,Not in Europe,China,Not in Africa,Hong Kong Dollar,HKD,HKG
HMD,HMD,HM,334,Heard and McDonald Islands,Islas Heard y McDonald,Îles Heard et McDonald,Australia,External Territory,,,East Asia & Pacific,Oceania,,Advanced Economies,,,Asia Pacific,,,,Non G20,,Non-OECD,Not in Europe,Other Pacific Region,Not in Africa,Australian Dollar,AUD,HMD
HND,HND,HN,340,Honduras,Honduras,Honduras,,,,,"S. & C. America, Caribbean",North America,Lower-middle-income economies,Emerging and Developing Economies,Medium human development,SICA,North America,Americas,Central America,Developing and Transition,Non G20,Other Emerging and Developing Economies,Non-OECD,Not in Europe,Other Pacific Region,Not in Africa,Lempira,HNL,HND
HRV,HRV,HR,191,Croatia,Croacia,Croatie,,,,,Europe,Europe,Upper-middle-income economies,Emerging and Developing Economies,Very high human development,European Union,Europe,Europe,Southern Europe,Developed,Non G20,Other Emerging and Developing Economies,Non-OECD,EEA,Not in Pacific Region,Not in Africa,Kuna,HRK,HRV
HTI,HTI,HT,332,Haiti,Haití,Haïti,,,,,"S. & C. America, Caribbean",North America,Low-income economies,Emerging and Developing Economies,Low human development,CARICOM,North America,Americas,Caribbean,Developing and Transition,Non G20,Other Emerging and Developing Economies,Non-OECD,Not in Europe,Not in Pacific Region,Not in Africa,Gourde,HTG,HTI
HUN,HUN,HU,348,Hungary,Hungría,Hongrie,,,,,Europe,Europe,High-income economies,Emerging and Developing Economies,Very high human development,European Union,Europe,Europe,Eastern Europe,Developed,Non G20,Other Emerging and Developing Economies,OECD,EEA,Not in Pacific Region,Not in Africa,Forint,HUF,HUN
IDN,IDN,ID,360,Indonesia,Indonesia,Indonésie,,,,,East Asia & Pacific,Asia,Lower-middle-income economies,Emerging and Developing Economies,Medium human development,ASEAN,Asia Pacific,Asia,South-Eastern Asia,Developing and Transition,G20,Other Emerging and Developing Economies,Non-OECD,Not in Europe,Other Pacific Region,Not in Africa,Rupiah,IDR,IDN
IMN,IMN,IM,833,Isle of Man,Isla del hombre,île de Man,United Kingdom,Crown Dependency,,,Europe,Europe,High-income economies,Advanced Economies,,,Europe,Europe,Northern Europe,Developed,Non G20,,Non-OECD,Other Europe,Not in Pacific Region,Not in Africa,Pound Sterling,GBP,IMY
IND,IND,IN,356,India,India,Inde,,,,,South & Central Asia,Asia,Lower-middle-income economies,Emerging and Developing Economies,Medium human development,SAARC,Asia Pacific,Asia,Southern Asia,Developing and Transition,G20,BRICs,Non-OECD,Not in Europe,Not in Pacific Region,Not in Africa,Indian Rupee,INR,IND
IOT,IOT,IO,86,British Indian Ocean Territory,Territorio Británico del Océano Índico,Territoire britannique de l'océan Indien,United Kingdom,Overseas Territory,,,South & Central Asia,Asia,,Advanced Economies,,,Asia Pacific,,,,Non G20,,Non-OECD,Not in Europe,Not in Pacific Region,Not in Africa,US Dollar,USD,IOT
IRL,IRL,IE,372,Ireland,Irlanda,Irlande,,,,,Europe,Europe,High-income economies,Advanced Economies,Very high human development,European Union,Europe,Europe,Northern Europe,Developed,Non G20,Other Advanced Economies,OECD,EEA,Not in Pacific Region,Not in Africa,Euro,EUR,IRL
IRN,IRN,IR,364,Iran (Islamic Republic of),Irán (República Islámica de),Iran (République islamique d '),,,,,South & Central Asia,Asia,Upper-middle-income economies,Emerging and Developing Economies,High human development,,Asia Pacific,Asia,Southern Asia,Developing and Transition,Non G20,Other Emerging and Developing Economies,Non-OECD,Not in Europe,Not in Pacific Region,Not in Africa,Iranian Rial,IRR,IRN
IRQ,IRQ,IQ,368,Iraq,Irak,Irak,,,,,Middle East & N. Africa,Asia,Upper-middle-income economies,Emerging and Developing Economies,Medium human development,,Asia Pacific,Asia,Western Asia,Developing and Transition,Non G20,Other Emerging and Developing Economies,Non-OECD,Not in Europe,Not in Pacific Region,Not in Africa,Iraqi Dinar,IQD,IRQ
ISL,ISL,IS,352,Iceland,Islandia,Islande,,,,,Europe,Europe,High-income economies,Advanced Economies,Very high human development,EFTA,Europe,Europe,Northern Europe,Developed,Non G20,Other Advanced Economies,OECD,EEA,Not in Pacific Region,Not in Africa,Iceland Krona,ISK,ISL
ISR,ISR,IL,376,Israel,Israel,Israël,,,,,Middle East & N. Africa,Asia,High-income economies,Advanced Economies,Very high human development,,Asia Pacific,Asia,Western Asia,Developing and Transition,Non G20,Other Advanced Economies,OECD,Not in Europe,Not in Pacific Region,Not in Africa,New Israeli Sheqel,ILS,ISR
ITA,ITA,IT,380,Italy,Italia,Italie,,,,,Europe,Europe,High-income economies,Advanced Economies,Very high human development,European Union,Europe,Europe,Southern Europe,Developed,G20,G7,OECD,EEA,Not in Pacific Region,Not in Africa,Euro,EUR,ITA
JAM,JAM,JM,388,Jamaica,Jamaica,Jamaïque,,,,,"S. & C. America, Caribbean",North America,Upper-middle-income economies,Emerging and Developing Economies,High human development,CARICOM,North America,Americas,Caribbean,Developing and Transition,Non G20,Other Emerging and Developing Economies,Non-OECD,Not in Europe,Not in Pacific Region,Not in Africa,Jamaican Dollar,JMD,JAM
JEY,JEY,JE,832,Jersey,Jersey,Jersey,United Kingdom,Crown Dependency,,,Europe,Europe,High-income economies,Advanced Economies,,,Europe,Europe,Northern Europe,Developed,Non G20,,Non-OECD,Other Europe,Not in Pacific Region,Not in Africa,Pound Sterling,GBP,JEY
JOR,JOR,JO,400,Jordan,Jordán,Jordan,,,,,Middle East & N. Africa,Asia,Lower-middle-income economies,Emerging and Developing Economies,High human development,,Asia Pacific,Asia,Western Asia,Developing and Transition,Non G20,Other Emerging and Developing Economies,Non-OECD,Not in Europe,Not in Pacific Region,Not in Africa,Jordanian Dinar,JOD,JOR
JPN,JPN,JP,392,Japan,Japón,Japon,,,,,East Asia & Pacific,Asia,High-income economies,Advanced Economies,Very high human development,,Asia Pacific,Asia,Eastern Asia,Developed,G20,G7,OECD,Not in Europe,CPTPP,Not in Africa,Yen,JPY,JPN
KAZ,KAZ,KZ,398,Kazakhstan,Kazajstán,Kazakhstan,,,,,South & Central Asia,Asia,Upper-middle-income economies,Emerging and Developing Economies,High human development,,Asia Pacific,Asia,Central Asia,Developing and Transition,Non G20,Other Emerging and Developing Economies,Non-OECD,Not in Europe,Not in Pacific Region,Not in Africa,Tenge,KZT,KAZ
KEN,KEN,KE,404,Kenya,Kenia,Kenya,,,,,Sub-Saharan Africa,Africa,Lower-middle-income economies,Emerging and Developing Economies,Medium human development,COMESA,,Africa,Eastern Africa,Developing and Transition,Non G20,Other Emerging and Developing Economies,Non-OECD,Not in Europe,Not in Pacific Region,Ratified,Kenyan Shilling,KES,KEN
KGZ,KGZ,KG,417,Kyrgyzstan,Kirguistán,Kirghizistan,,,,,South & Central Asia,Asia,Lower-middle-income economies,Emerging and Developing Economies,Medium human development,,Asia Pacific,Asia,Central Asia,Developing and Transition,Non G20,Other Emerging and Developing Economies,Non-OECD,Not in Europe,Not in Pacific Region,Not in Africa,Som,KGS,KGZ
KHM,KHM,KH,116,Cambodia,Camboya,Cambodge,,,,,East Asia & Pacific,Asia,Lower-middle-income economies,Emerging and Developing Economies,Medium human development,ASEAN,Asia Pacific,Asia,South-Eastern Asia,Developing and Transition,Non G20,Other Emerging and Developing Economies,Non-OECD,Not in Europe,Other Pacific Region,Not in Africa,Riel,KHR,KHM
KIR,KIR,KI,296,Kiribati,Kiribati,Kiribati,,,,,East Asia & Pacific,Oceania,Lower-middle-income economies,Emerging and Developing Economies,Medium human development,,Asia Pacific,Oceania,Micronesia,Developing and Transition,Non G20,Other Emerging and Developing Economies,Non-OECD,Not in Europe,Other Pacific Region,Not in Africa,Australian Dollar,AUD,KIR
KNA,KNA,KN,659,St. Kitts and Nevis,Saint Kitts y Nevis,Saint-Kitts-et-Nevis,,,,,"S. & C. America, Caribbean",North America,High-income economies,Emerging and Developing Economies,High human development,CARICOM,North America,Americas,Caribbean,Developing and Transition,Non G20,Other Emerging and Developing Economies,Non-OECD,Not in Europe,Not in Pacific Region,Not in Africa,East Caribbean Dollar,XCD,KNA
KOR,KOR,KR,410,Korea (Republic of),"Corea, república de)","Corée, République de)",,,,,East Asia & Pacific,Asia,High-income economies,Advanced Economies,Very high human development,,Asia Pacific,Asia,Eastern Asia,Developing and Transition,G20,Other Advanced Economies,OECD,Not in Europe,Other Pacific Region,Not in Africa,Won,KRW,KOR
KWT,KWT,KW,414,Kuwait,Kuwait,Koweit,,,,,Middle East & N. Africa,Asia,High-income economies,Emerging and Developing Economies,Very high human development,GCC,Asia Pacific,Asia,Western Asia,Developing and Transition,Non G20,Other Emerging and Developing Economies,Non-OECD,Not in Europe,Not in Pacific Region,Not in Africa,Kuwaiti Dinar,KWD,KWT
LAO,LAO,LA,418,Lao People's Democratic Republic,República Democrática Popular Lao,République démocratique populaire lao,,,,,East Asia & Pacific,Asia,Lower-middle-income economies,Emerging and Developing Economies,Medium human development,ASEAN,Asia Pacific,Asia,South-Eastern Asia,Developing and Transition,Non G20,Other Emerging and Developing Economies,Non-OECD,Not in Europe,Other Pacific Region,Not in Africa,Kip,LAK,LAO
LBN,LBN,LB,422,Lebanon,Líbano,Liban,,,,,Middle East & N. Africa,Asia,Upper-middle-income economies,Emerging and Developing Economies,High human development,,Asia Pacific,Asia,Western Asia,Developing and Transition,Non G20,Other Emerging and Developing Economies,Non-OECD,Not in Europe,Not in Pacific Region,Not in Africa,Lebanese Pound,LBP,LBN
LBR,LBR,LR,430,Liberia,Liberia,Libéria,,,,,Sub-Saharan Africa,Africa,Low-income economies,Emerging and Developing Economies,Low human development,ECOWAS,,Africa,Western Africa,Developing and Transition,Non G20,Other Emerging and Developing Economies,Non-OECD,Not in Europe,Not in Pacific Region,"Signed, not ratified",Liberian Dollar,LRD,LBR
LBY,LBY,LY,434,Libya,Libia,Libye,,,,,Middle East & N. Africa,Africa,Upper-middle-income economies,Emerging and Developing Economies,High human development,COMESA,,Africa,Northern Africa,Developing and Transition,Non G20,Other Emerging and Developing Economies,Non-OECD,Not in Europe,Not in Pacific Region,"Signed, not ratified",Libyan Dinar,LYD,LBY
LCA,LCA,LC,662,St. Lucia,Santa Lucía,Sainte Lucie,,,,,"S. & C. America, Caribbean",North America,Upper-middle-income economies,Emerging and Developing Economies,High human development,CARICOM,North America,Americas,Caribbean,Developing and Transition,Non G20,Other Emerging and Developing Economies,Non-OECD,Not in Europe,Not in Pacific Region,Not in Africa,East Caribbean Dollar,XCD,LCA
LIE,LIE,LI,438,Liechtenstein,Liechtenstein,Liechtenstein,,,,,Europe,Europe,High-income economies,Advanced Economies,Very high human development,EFTA,Europe,Europe,Western Europe,Developed,Non G20,,Non-OECD,EEA,Not in Pacific Region,Not in Africa,Swiss Franc,CHF,LIE
LKA,LKA,LK,144,Sri Lanka,Sri Lanka,Sri Lanka,,,,,South & Central Asia,Asia,Lower-middle-income economies,Emerging and Developing Economies,High human development,SAARC,Asia Pacific,Asia,Southern Asia,Developing and Transition,Non G20,Other Emerging and Developing Economies,Non-OECD,Not in Europe,Not in Pacific Region,Not in Africa,Sri Lanka Rupee,LKR,LKA
LSO,LSO,LS,426,Lesotho,Lesoto,Lesotho,,,,,Sub-Saharan Africa,Africa,Lower-middle-income economies,Emerging and Developing Economies,Low human development,SADC,,Africa,Southern Africa,Developing and Transition,Non G20,Other Emerging and Developing Economies,Non-OECD,Not in Europe,Not in Pacific Region,"Signed, not ratified",Loti,LSL,LSO
LTU,LTU,LT,440,Lithuania,Lituania,Lituanie,,,,,Europe,Europe,High-income economies,Advanced Economies,Very high human development,European Union,Europe,Europe,Northern Europe,Developed,Non G20,Other Advanced Economies,Non-OECD,EEA,Not in Pacific Region,Not in Africa,Euro,EUR,LTU
LUX,LUX,LU,442,Luxembourg,Luxemburgo,Luxembourg,,,,,Europe,Europe,High-income economies,Advanced Economies,Very high human development,European Union,Europe,Europe,Western Europe,Developed,Non G20,Other Advanced Economies,OECD,EEA,Not in Pacific Region,Not in Africa,Euro,EUR,LUX
LVA,LVA,LV,428,Latvia,Letonia,Lettonie,,,,,Europe,Europe,High-income economies,Advanced Economies,Very high human development,European Union,Europe,Europe,Northern Europe,Developed,Non G20,Other Advanced Economies,Non-OECD,EEA,Not in Pacific Region,Not in Africa,Euro,EUR,LVA
MAC,MAC,MO,446,Macau SAR (China),RAE de Macao (China),RAS de Macao (Chine),China,Special Administrative Region,,,East Asia & Pacific,Asia,High-income economies,Advanced Economies,,,Asia Pacific,Asia,Eastern Asia,Developing and Transition,Non G20,Other Advanced Economies,Non-OECD,Not in Europe,China,Not in Africa,Pataca,MOP,MAC
MAF,MAF,MF,663,Saint Martin (French part),San Martín (parte francesa),Saint Martin (partie française),France,Overseas Collectivity,,,"S. & C. America, Caribbean",North America,High-income economies,Advanced Economies,,,North America,Americas,Caribbean,Developing and Transition,Non G20,,Non-OECD,Not in Europe,Not in Pacific Region,Not in Africa,Euro,EUR,MAF
MAR,MAR,MA,504,Morocco,Marruecos,Maroc,,,,,Middle East & N. Africa,Africa,Lower-middle-income economies,Emerging and Developing Economies,Medium human development,,,Africa,Northern Africa,Developing and Transition,Non G20,Other Emerging and Developing Economies,Non-OECD,Not in Europe,Not in Pacific Region,"Signed, not ratified",Moroccan Dirham,MAD,MAR
MCO,MCO,MC,492,Monaco,Mónaco,Monaco,,,,,Europe,Europe,High-income economies,Advanced Economies,,,Europe,Europe,Western Europe,Developed,Non G20,,Non-OECD,Other Europe,Not in Pacific Region,Not in Africa,Euro,EUR,MCO
MDA,MDA,MD,498,Moldova,Moldavia,Moldova,,,,,Europe,Europe,Lower-middle-income economies,Emerging and Developing Economies,Medium human development,,Europe,Europe,Eastern Europe,Developed,Non G20,Other Emerging and Developing Economies,Non-OECD,Other Europe,Not in Pacific Region,Not in Africa,Moldovan Leu,MDL,MDA
MDG,MDG,MG,450,Madagascar,Madagascar,Madagascar,,,,,Sub-Saharan Africa,Africa,Low-income economies,Emerging and Developing Economies,Low human development,COMESA + SADC,,Africa,Eastern Africa,Developing and Transition,Non G20,Other Emerging and Developing Economies,Non-OECD,Not in Europe,Not in Pacific Region,"Signed, not ratified",Malagasy Ariary,MGA,MDG
MDV,MDV,MV,462,Maldives,Maldivas,Maldives,,,,,South & Central Asia,Asia,Upper-middle-income economies,Emerging and Developing Economies,High human development,SAARC,Asia Pacific,Asia,Southern Asia,Developing and Transition,Non G20,Other Emerging and Developing Economies,Non-OECD,Not in Europe,Not in Pacific Region,Not in Africa,Rufiyaa,MVR,MDV
MEX,MEX,MX,484,Mexico,Mexico,Mexique,,,,,North America,North America,Upper-middle-income economies,Emerging and Developing Economies,High human development,NAFTA,North America,Americas,Central America,Developing and Transition,G20,Other Emerging and Developing Economies,OECD,Not in Europe,CPTPP,Not in Africa,Mexican Peso,MXN,MEX
MHL,MHL,MH,584,Marshall Islands,Islas Marshall,Iles Marshall,,,,,East Asia & Pacific,Oceania,Upper-middle-income economies,Emerging and Developing Economies,,,Asia Pacific,Oceania,Micronesia,Developing and Transition,Non G20,Other Emerging and Developing Economies,Non-OECD,Not in Europe,Other Pacific Region,Not in Africa,US Dollar,USD,MHL
MKD,MKD,MK,807,North Macedonia,Macedonia del norte,Macédoine du Nord,,,,,Europe,Europe,Upper-middle-income economies,Emerging and Developing Economies,High human development,,Europe,Europe,Southern Europe,Developed,Non G20,Other Emerging and Developing Economies,Non-OECD,Other Europe,Not in Pacific Region,Not in Africa,Denar,MKD,MKD
MLI,MLI,ML,466,Mali,Mali,Mali,,,,,Sub-Saharan Africa,Africa,Low-income economies,Emerging and Developing Economies,Low human development,ECOWAS + WAEMU,,Africa,Western Africa,Developing and Transition,Non G20,Other Emerging and Developing Economies,Non-OECD,Not in Europe,Not in Pacific Region,Ratified,CFA Franc BCEAO,XOF,MLI
MLT,MLT,MT,470,Malta,Malta,Malte,,,,,Europe,Europe,High-income economies,Advanced Economies,Very high human development,European Union,Europe,Europe,Southern Europe,Developed,Non G20,Other Advanced Economies,Non-OECD,EEA,Not in Pacific Region,Not in Africa,Euro,EUR,MLT
MMR,MMR,MM,104,Myanmar,Myanmar,Myanmar,,,,,East Asia & Pacific,Asia,Lower-middle-income economies,Emerging and Developing Economies,Medium human development,ASEAN,Asia Pacific,Asia,South-Eastern Asia,Developing and Transition,Non G20,Other Emerging and Developing Economies,Non-OECD,Not in Europe,Other Pacific Region,Not in Africa,Kyat,MMK,MMR
MNE,MNE,ME,499,Montenegro,Montenegro,Monténégro,,,2006,,Europe,Europe,Upper-middle-income economies,Emerging and Developing Economies,Very high human development,,Europe,Europe,Southern Europe,Developed,Non G20,Other Emerging and Developing Economies,Non-OECD,Other Europe,Not in Pacific Region,Not in Africa,Euro,EUR,MNE
MNG,MNG,MN,496,Mongolia,Mongolia,Mongolie,,,,,East Asia & Pacific,Asia,Lower-middle-income economies,Emerging and Developing Economies,High human development,,Asia Pacific,Asia,Eastern Asia,Developing and Transition,Non G20,Other Emerging and Developing Economies,Non-OECD,Not in Europe,Other Pacific Region,Not in Africa,Tugrik,MNT,MNG
MNP,MNP,MP,580,Northern Mariana Islands,Islas Marianas del Norte,Îles Mariannes du Nord,United States,Commonwealth Territory,,,East Asia & Pacific,Oceania,High-income economies,Advanced Economies,,,Asia Pacific,Oceania,Micronesia,Developing and Transition,Non G20,,Non-OECD,Not in Europe,Other Pacific Region,Not in Africa,US Dollar,USD,MNP
MOZ,MOZ,MZ,508,Mozambique,Mozambique,Mozambique,,,,,Sub-Saharan Africa,Africa,Low-income economies,Emerging and Developing Economies,Low human development,SADC,,Africa,Eastern Africa,Developing and Transition,Non G20,Other Emerging and Developing Economies,Non-OECD,Not in Europe,Not in Pacific Region,"Signed, not ratified",Mozambique Metical,MZN,MOZ
MRT,MRT,MR,478,Mauritania,Mauritania,Mauritanie,,,,,Sub-Saharan Africa,Africa,Lower-middle-income economies,Emerging and Developing Economies,Low human development,,,Africa,Western Africa,Developing and Transition,Non G20,Other Emerging and Developing Economies,Non-OECD,Not in Europe,Not in Pacific Region,Ratified,Ouguiya,MRO,MRT
MSR,MSR,MS,500,Montserrat,Montserrat,Montserrat,United Kingdom,Overseas Territory,,,"S. & C. America, Caribbean",North America,,Advanced Economies,,CARICOM,North America,Americas,Caribbean,Developing and Transition,Non G20,,Non-OECD,Not in Europe,Not in Pacific Region,Not in Africa,East Caribbean Dollar,XCD,MSR
MTQ,MTQ,MQ,474,Martinique,Martinica,Martinique,France,Overseas Region,,,"S. & C. America, Caribbean",North America,,Advanced Economies,,,North America,Americas,Caribbean,Developing and Transition,Non G20,,Non-OECD,Not in Europe,Not in Pacific Region,Not in Africa,Euro,EUR,MTQ
MUS,MUS,MU,480,Mauritius,Mauricio,Maurice,,,,,Sub-Saharan Africa,Africa,Upper-middle-income economies,Emerging and Developing Economies,High human development,COMESA + SADC,,Africa,Eastern Africa,Developing and Transition,Non G20,Other Emerging and Developing Economies,Non-OECD,Not in Europe,Not in Pacific Region,"Signed, not ratified",Mauritius Rupee,MUR,MUS
MWI,MWI,MW,454,Malawi,Malawi,Malawi,,,,,Sub-Saharan Africa,Africa,Low-income economies,Emerging and Developing Economies,Low human development,COMESA + SADC,,Africa,Eastern Africa,Developing and Transition,Non G20,Other Emerging and Developing Economies,Non-OECD,Not in Europe,Not in Pacific Region,"Signed, not ratified",Malawi Kwacha,MWK,MWI
MYS,MYS,MY,458,Malaysia,Malasia,Malaisie,,,,,East Asia & Pacific,Asia,Upper-middle-income economies,Emerging and Developing Economies,High human development,ASEAN,Asia Pacific,Asia,South-Eastern Asia,Developing and Transition,Non G20,Other Emerging and Developing Economies,Non-OECD,Not in Europe,CPTPP,Not in Africa,Malaysian Ringgit,MYR,MYS
MYT,MYT,YT,175,Mayotte,Mayotte,Mayotte,France,Overseas Region,,,Sub-Saharan Africa,Africa,,Advanced Economies,,,,Africa,Eastern Africa,Developing and Transition,Non G20,,Non-OECD,Not in Europe,Not in Pacific Region,Other Africa,Euro,EUR,MYT
NAM,NAM,NA,516,Namibia,Namibia,Namibie,,,,,Sub-Saharan Africa,Africa,Upper-middle-income economies,Emerging and Developing Economies,Medium human development,SADC,,Africa,Southern Africa,Developing and Transition,Non G20,Other Emerging and Developing Economies,Non-OECD,Not in Europe,Not in Pacific Region,Ratified,Namibia Dollar,NAD,NAM
NCL,NCL,NC,540,New Caledonia,Nueva Caledonia,Nouvelle Calédonie,France,Overseas Collectivity,,,East Asia & Pacific,Oceania,High-income economies,Advanced Economies,,,Asia Pacific,Oceania,Melanesia,Developing and Transition,Non G20,,Non-OECD,Not in Europe,Other Pacific Region,Not in Africa,CFP Franc,XPF,NCL
NER,NER,NE,562,Niger,Níger,Niger,,,,,Sub-Saharan Africa,Africa,Low-income economies,Emerging and Developing Economies,Low human development,ECOWAS + WAEMU,,Africa,Western Africa,Developing and Transition,Non G20,Other Emerging and Developing Economies,Non-OECD,Not in Europe,Not in Pacific Region,Ratified,CFA Franc BCEAO,XOF,NER
NFK,NFK,NF,574,Norfolk Island,Isla Norfolk,l'ile de Norfolk,Australia,External Territory,,,East Asia & Pacific,Oceania,,Advanced Economies,,,Asia Pacific,Oceania,Australia and New Zealand,Developing and Transition,Non G20,,Non-OECD,Not in Europe,Other Pacific Region,Not in Africa,Australian Dollar,AUD,NFK
NGA,NGA,NG,566,Nigeria,Nigeria,Nigeria,,,,,Sub-Saharan Africa,Africa,Lower-middle-income economies,Emerging and Developing Economies,Low human development,ECOWAS,,Africa,Western Africa,Developing and Transition,Non G20,Other Emerging and Developing Economies,Non-OECD,Not in Europe,Not in Pacific Region,Other Africa,Naira,NGN,NGA
NIC,NIC,NI,558,Nicaragua,Nicaragua,Nicaragua,,,,,"S. & C. America, Caribbean",North America,Lower-middle-income economies,Emerging and Developing Economies,Medium human development,SICA,North America,Americas,Central America,Developing and Transition,Non G20,Other Emerging and Developing Economies,Non-OECD,Not in Europe,Other Pacific Region,Not in Africa,Cordoba Oro,NIO,NIC
NIU,NIU,NU,570,Niue,Niue,Niue,New Zealand,Associated State,,,East Asia & Pacific,Oceania,,Advanced Economies,,,Asia Pacific,Oceania,Polynesia,Developing and Transition,Non G20,,Non-OECD,Not in Europe,Other Pacific Region,Not in Africa,New Zealand Dollar,NZD,NIU
NLD,NLD,NL,528,Netherlands,Países Bajos,Pays-Bas,,,,,Europe,Europe,High-income economies,Advanced Economies,Very high human development,European Union,Europe,Europe,Western Europe,Developed,Non G20,Other Advanced Economies,OECD,EEA,Not in Pacific Region,Not in Africa,Euro,EUR,NLD
NOR,NOR,NO,578,Norway,Noruega,Norvège,,,,,Europe,Europe,High-income economies,Advanced Economies,Very high human development,EFTA,Europe,Europe,Northern Europe,Developed,Non G20,Other Advanced Economies,OECD,EEA,Not in Pacific Region,Not in Africa,Norwegian Krone,NOK,NOR
NPL,NPL,NP,524,Nepal,Nepal,Népal,,,,,South & Central Asia,Asia,Low-income economies,Emerging and Developing Economies,Medium human development,,Asia Pacific,Asia,Southern Asia,Developing and Transition,Non G20,Other Emerging and Developing Economies,Non-OECD,Not in Europe,Not in Pacific Region,Not in Africa,Nepalese Rupee,NPR,NPL
NRU,NRU,NR,520,Nauru,Nauru,Nauru,,,,,East Asia & Pacific,Oceania,Upper-middle-income economies,Emerging and Developing Economies,,,Asia Pacific,Oceania,Micronesia,Developing and Transition,Non G20,Other Emerging and Developing Economies,Non-OECD,Not in Europe,Other Pacific Region,Not in Africa,Australian Dollar,AUD,NRU
NZL,NZL,NZ,554,New Zealand,Nueva Zelanda,Nouvelle-Zélande,,,,,East Asia & Pacific,Oceania,High-income economies,Advanced Economies,Very high human development,,Asia Pacific,Oceania,Australia and New Zealand,Developed,Non G20,Other Advanced Economies,OECD,Not in Europe,CPTPP,Not in Africa,New Zealand Dollar,NZD,NZL
OMN,OMN,OM,512,Oman,Omán,Oman,,,,,Middle East & N. Africa,Asia,High-income economies,Emerging and Developing Economies,High human development,GCC,Asia Pacific,Asia,Western Asia,Developing and Transition,Non G20,Other Emerging and Developing Economies,Non-OECD,Not in Europe,Not in Pacific Region,Not in Africa,Rial Omani,OMR,OMN
PAK,PAK,PK,586,Pakistan,Pakistán,Pakistan,,,,,South & Central Asia,Asia,Lower-middle-income economies,Emerging and Developing Economies,Medium human development,SAARC,Asia Pacific,Asia,Southern Asia,Developing and Transition,Non G20,Other Emerging and Developing Economies,Non-OECD,Not in Europe,Not in Pacific Region,Not in Africa,Pakistan Rupee,PKR,PAK
PAN,PAN,PA,591,Panama,Panamá,Panama,,,,,"S. & C. America, Caribbean",North America,Upper-middle-income economies,Emerging and Developing Economies,High human development,SICA,North America,Americas,Central America,Developing and Transition,Non G20,Other Emerging and Developing Economies,Non-OECD,Not in Europe,Other Pacific Region,Not in Africa,Balboa,PAB,PAN
PCN,PCN,PN,612,Pitcairn Islands,Islas Pitcairn,Îles Pitcairn,United Kingdom,Overseas Territory,,,East Asia & Pacific,Oceania,,Advanced Economies,,,Asia Pacific,Oceania,Polynesia,Developing and Transition,Non G20,,Non-OECD,Not in Europe,Other Pacific Region,Not in Africa,New Zealand Dollar,NZD,PCN
PER,PER,PE,604,Peru,Perú,Pérou,,,,,"S. & C. America, Caribbean",South America,Upper-middle-income economies,Emerging and Developing Economies,High human development,Andean Community (CAN),,Americas,South America,Developing and Transition,Non G20,Other Emerging and Developing Economies,Non-OECD,Not in Europe,CPTPP,Not in Africa,Sol,PEN,PER
PHL,PHL,PH,608,Philippines,Filipinas,Philippines,,,,,East Asia & Pacific,Asia,Lower-middle-income economies,Emerging and Developing Economies,Medium human development,ASEAN,Asia Pacific,Asia,South-Eastern Asia,Developing and Transition,Non G20,Other Emerging and Developing Economies,Non-OECD,Not in Europe,Other Pacific Region,Not in Africa,Philippine Peso,PHP,PHL
PLW,PLW,PW,585,Palau,Palau,Palau,,,,,East Asia & Pacific,Oceania,High-income economies,Emerging and Developing Economies,High human development,,Asia Pacific,Oceania,Micronesia,Developing and Transition,Non G20,Other Emerging and Developing Economies,Non-OECD,Not in Europe,Other Pacific Region,Not in Africa,US Dollar,USD,PLW
PNG,PNG,PG,598,Papua New Guinea,Papúa Nueva Guinea,Papouasie Nouvelle Guinée,,,,,East Asia & Pacific,Oceania,Lower-middle-income economies,Emerging and Developing Economies,Low human development,,Asia Pacific,Oceania,Melanesia,Developing and Transition,Non G20,Other Emerging and Developing Economies,Non-OECD,Not in Europe,Other Pacific Region,Not in Africa,Kina,PGK,PNG
POL,POL,PL,616,Poland,Polonia,Pologne,,,,,Europe,Europe,High-income economies,Emerging and Developing Economies,Very high human development,European Union,Europe,Europe,Eastern Europe,Developed,Non G20,Other Emerging and Developing Economies,OECD,EEA,Not in Pacific Region,Not in Africa,Zloty,PLN,POL
PRI,PRI,PR,630,Puerto Rico,Puerto Rico,Porto Rico,United States,Commonwealth Territory,,,"S. & C. America, Caribbean",North America,High-income economies,Advanced Economies,,,North America,Americas,Caribbean,Developing and Transition,Non G20,Other Advanced Economies,Non-OECD,Not in Europe,United States,Not in Africa,US Dollar,USD,PRI
PRK,PRK,KP,408,Korea (Democratic People's Republic of),"República de Corea, Popular Democrática de)",République populaire démocratique de Corée),,,,,East Asia & Pacific,Asia,Low-income economies,Emerging and Developing Economies,,,Asia Pacific,Asia,Eastern Asia,Developing and Transition,Non G20,,Non-OECD,Not in Europe,Other Pacific Region,Not in Africa,North Korean Won,KPW,PRK
PRT,PRT,PT,620,Portugal,Portugal,le Portugal,,,,,Europe,Europe,High-income economies,Advanced Economies,Very high human development,European Union,Europe,Europe,Southern Europe,Developed,Non G20,Other Advanced Economies,OECD,EEA,Not in Pacific Region,Not in Africa,Euro,EUR,PRT
PRY,PRY,PY,600,Paraguay,Paraguay,Paraguay,,,,,"S. & C. America, Caribbean",South America,Upper-middle-income economies,Emerging and Developing Economies,Medium human development,Mercosur,,Americas,South America,Developing and Transition,Non G20,Other Emerging and Developing Economies,Non-OECD,Not in Europe,Not in Pacific Region,Not in Africa,Guarani,PYG,PRY
PSE,PSE,PS,275,Palestine (State of),Palestina (Estado de),Palestine (État de),Israel,Occupied Territory,,,Middle East & N. Africa,Asia,Lower-middle-income economies,Emerging and Developing Economies,Medium human development,,Asia Pacific,Asia,Western Asia,Developing and Transition,Non G20,,Non-OECD,Not in Europe,Not in Pacific Region,Not in Africa,No universal currency,,WBG
PYF,PYF,PF,258,French Polynesia,Polinesia francés,Polynésie française,France,Overseas Collectivity,,,East Asia & Pacific,Oceania,High-income economies,Advanced Economies,,,Asia Pacific,Oceania,Polynesia,Developing and Transition,Non G20,,Non-OECD,Not in Europe,Other Pacific Region,Not in Africa,CFP Franc,XPF,PYF
QAT,QAT,QA,634,Qatar,Katar,Qatar,,,,,Middle East & N. Africa,Asia,High-income economies,Emerging and Developing Economies,Very high human development,GCC,Asia Pacific,Asia,Western Asia,Developing and Transition,Non G20,Other Emerging and Developing Economies,Non-OECD,Not in Europe,Not in Pacific Region,Not in Africa,Qatari Rial,QAR,QAT
REU,REU,RE,638,Reunion,Reunión,Réunion,France,,,,Sub-Saharan Africa,Africa,,Advanced Economies,,,,Africa,Eastern Africa,Developing and Transition,Non G20,,Non-OECD,Not in Europe,Not in Pacific Region,Other Africa,Euro,EUR,REU
ROU,ROU,RO,642,Romania,Rumania,Roumanie,,,,,Europe,Europe,Upper-middle-income economies,Emerging and Developing Economies,Very high human development,European Union,Europe,Europe,Eastern Europe,Developed,Non G20,Other Emerging and Developing Economies,Non-OECD,EEA,Not in Pacific Region,Not in Africa,Romanian Leu,RON,ROM
RUS,RUS,RU,643,Russian Federation,Federación Rusa,Fédération Russe,,,,,Europe,Europe,Upper-middle-income economies,Emerging and Developing Economies,Very high human development,,Europe,Europe,Eastern Europe,Developed,G20,BRICs,Non-OECD,Other Europe,Other Pacific Region,Not in Africa,Russian Ruble,RUB,RUS
RWA,RWA,RW,646,Rwanda,Ruanda,Rwanda,,,,,Sub-Saharan Africa,Africa,Low-income economies,Emerging and Developing Economies,Low human development,COMESA,,Africa,Eastern Africa,Developing and Transition,Non G20,Other Emerging and Developing Economies,Non-OECD,Not in Europe,Not in Pacific Region,Ratified,Rwanda Franc,RWF,RWA
SAU,SAU,SA,682,Saudi Arabia,Arabia Saudita,Arabie Saoudite,,,,,Middle East & N. Africa,Asia,High-income economies,Emerging and Developing Economies,Very high human development,GCC,Asia Pacific,Asia,Western Asia,Developing and Transition,G20,Other Emerging and Developing Economies,Non-OECD,Not in Europe,Not in Pacific Region,Not in Africa,Saudi Riyal,SAR,SAU
SCG,SCG,CS,891,Serbia and Montenegro,Serbia y Montenegro,Serbie et Monténégro,,,2003,2006,Europe,Europe,,,,,Europe,,,,Non G20,,Non-OECD,Other Europe,Not in Pacific Region,Not in Africa,,,
SDN,SDN,SD,729,Sudan,Sudán,Soudan,,,2011,,Sub-Saharan Africa,Africa,Lower-middle-income economies,Emerging and Developing Economies,Low human development,COMESA,,Africa,Northern Africa,Developing and Transition,Non G20,Other Emerging and Developing Economies,Non-OECD,Not in Europe,Not in Pacific Region,"Signed, not ratified",Sudanese Pound,SDG,SDN
SEN,SEN,SN,686,Senegal,Senegal,Sénégal,,,,,Sub-Saharan Africa,Africa,Low-income economies,Emerging and Developing Economies,Low human development,ECOWAS + WAEMU,,Africa,Western Africa,Developing and Transition,Non G20,Other Emerging and Developing Economies,Non-OECD,Not in Europe,Not in Pacific Region,Ratified,CFA Franc BCEAO,XOF,SEN
SGP,SGP,SG,702,Singapore,Singapur,Singapour,,,,,East Asia & Pacific,Asia,High-income economies,Advanced Economies,Very high human development,ASEAN,Asia Pacific,Asia,South-Eastern Asia,Developing and Transition,Non G20,Other Advanced Economies,Non-OECD,Not in Europe,CPTPP,Not in Africa,Singapore Dollar,SGD,SGP
SGS,SGS,GS,239,South Georgia and the South Sandwich Islands,Georgia del sur y las islas Sandwich del sur,Géorgie du Sud et îles Sandwich du Sud,United Kingdom,Overseas Territory,,,"S. & C. America, Caribbean",South America,,Advanced Economies,,,,,,,Non G20,,Non-OECD,Not in Europe,Not in Pacific Region,Not in Africa,No universal currency,,SGS
SHN,SHN,SH,654,Saint Helena,Santa helena,Sainte-Hélène,United Kingdom,Overseas Territory (part),,,"S. & C. America, Caribbean",South America,,Advanced Economies,,,,Africa,Western Africa,Developing and Transition,Non G20,,Non-OECD,Not in Europe,Not in Pacific Region,Not in Africa,Saint Helena Pound,SHP,SHN
SJM,SJM,SJ,744,Svalbard and Jan Mayen,Svalbard y Jan Mayen,Svalbard et Jan Mayen,Norway,Statistical Designation,,,Europe,Europe,,Advanced Economies,,,Europe,Europe,Northern Europe,Developed,Non G20,,Non-OECD,Other Europe,Not in Pacific Region,Not in Africa,Norwegian Krone,NOK,SJM
SLB,SLB,SB,90,Solomon Islands,Islas Salomón,îles Salomon,,,,,East Asia & Pacific,Oceania,Lower-middle-income economies,Emerging and Developing Economies,Low human development,,Asia Pacific,Oceania,Melanesia,Developing and Transition,Non G20,Other Emerging and Developing Economies,Non-OECD,Not in Europe,Other Pacific Region,Not in Africa,Solomon Islands Dollar,SBD,SLB
SLE,SLE,SL,694,Sierra Leone,Sierra Leona,Sierra Leone,,,,,Sub-Saharan Africa,Africa,Low-income economies,Emerging and Developing Economies,Low human development,ECOWAS,,Africa,Western Africa,Developing and Transition,Non G20,Other Emerging and Developing Economies,Non-OECD,Not in Europe,Not in Pacific Region,Ratified,Leone,SLL,SLE
SLV,SLV,SV,222,El Salvador,El Salvador,Le Salvador,,,,,"S. & C. America, Caribbean",North America,Lower-middle-income economies,Emerging and Developing Economies,Medium human development,SICA,North America,Americas,Central America,Developing and Transition,Non G20,Other Emerging and Developing Economies,Non-OECD,Not in Europe,Other Pacific Region,Not in Africa,El Salvador Colon,SVC,SLV
SMR,SMR,SM,674,San Marino,San Marino,Saint Marin,,,,,Europe,Europe,High-income economies,Advanced Economies,,,Europe,Europe,Southern Europe,Developed,Non G20,Other Advanced Economies,Non-OECD,Other Europe,Not in Pacific Region,Not in Africa,Euro,EUR,SMR
SOM,SOM,SO,706,Somalia,Somalia,Somalie,,,,,Sub-Saharan Africa,Africa,Low-income economies,Emerging and Developing Economies,,,,Africa,Eastern Africa,Developing and Transition,Non G20,Other Emerging and Developing Economies,Non-OECD,Not in Europe,Not in Pacific Region,"Signed, not ratified",Somali Shilling,SOS,SOM
SPM,SPM,PM,666,Saint Pierre and Miquelon,San Pedro y Miquelón,Saint-Pierre-et-Miquelon,France,Overseas Collectivity,,,North America,North America,,Advanced Economies,,,North America,Americas,Northern America,Developed,Non G20,,Non-OECD,Not in Europe,Not in Pacific Region,Not in Africa,Euro,EUR,SPM
SRB,SRB,RS,688,Serbia,Serbia,Serbie,,,2006,,Europe,Europe,Upper-middle-income economies,Emerging and Developing Economies,High human development,,Europe,Europe,Southern Europe,Developed,Non G20,Other Emerging and Developing Economies,Non-OECD,Other Europe,Not in Pacific Region,Not in Africa,Serbian Dinar,RSD,SCG
SSD,SSD,SS,728,South Sudan,Sudán del Sur,Soudan du sud,,,2011,,Sub-Saharan Africa,Africa,Low-income economies,Emerging and Developing Economies,Low human development,,,Africa,Eastern Africa,Developing and Transition,Non G20,Other Emerging and Developing Economies,Non-OECD,Not in Europe,Not in Pacific Region,"Signed, not ratified",South Sudanese Pound,SSP,SSD
STP,STP,ST,678,Sao Tome and Principe,Santo Tomé y Príncipe,Sao Tomé et Principe,,,,,Sub-Saharan Africa,Africa,Lower-middle-income economies,Emerging and Developing Economies,Medium human development,,,Africa,Middle Africa,Developing and Transition,Non G20,Other Emerging and Developing Economies,Non-OECD,Not in Europe,Not in Pacific Region,"Signed, not ratified",Dobra,STD,STP
SUN,SUN,SU,810,Union of Soviet Socialist Republics,Unión de Repúblicas Socialistas Soviéticas,Union des Républiques socialistes soviétiques,,,,1992,Europe,Europe,,,,,Europe,,,,Non G20,,Non-OECD,Other Europe,Not in Pacific Region,Not in Africa,,,
SUR,SUR,SR,740,Suriname,Surinam,Suriname,,,,,"S. & C. America, Caribbean",South America,Upper-middle-income economies,Emerging and Developing Economies,High human development,CARICOM,,Americas,South America,Developing and Transition,Non G20,Other Emerging and Developing Economies,Non-OECD,Not in Europe,Not in Pacific Region,Not in Africa,Surinam Dollar,SRD,SUR
SVK,SVK,SK,703,Slovakia,Eslovaquia,Slovaquie,,,1993,,Europe,Europe,High-income economies,Advanced Economies,Very high human development,European Union,Europe,Europe,Eastern Europe,Developed,Non G20,Other Advanced Economies,OECD,EEA,Not in Pacific Region,Not in Africa,Euro,EUR,SVK
SVN,SVN,SI,705,Slovenia,Eslovenia,Slovénie,,,,,Europe,Europe,High-income economies,Advanced Economies,Very high human development,European Union,Europe,Europe,Southern Europe,Developed,Non G20,Other Advanced Economies,OECD,EEA,Not in Pacific Region,Not in Africa,Euro,EUR,SVN
SWE,SWE,SE,752,Sweden,Suecia,Suède,,,,,Europe,Europe,High-income economies,Advanced Economies,Very high human development,European Union,Europe,Europe,Northern Europe,Developed,Non G20,Other Advanced Economies,OECD,EEA,Not in Pacific Region,Not in Africa,Swedish Krona,SEK,SWE
SWZ,SWZ,SZ,748,Eswatini,Eswatini,Eswatini,,,,,Sub-Saharan Africa,Africa,Lower-middle-income economies,Emerging and Developing Economies,Low human development,COMESA + SADC,,Africa,Southern Africa,Developing and Transition,Non G20,Other Emerging and Developing Economies,Non-OECD,Not in Europe,Not in Pacific Region,Ratified,Lilangeni,SZL,SWZ
SXM,SXM,SX,534,Sint Maarten (Dutch part),Sint Maarten (parte holandesa),Sint Maarten (partie néerlandaise),Netherlands,Constituent Country,,,"S. & C. America, Caribbean",North America,High-income economies,Advanced Economies,,,North America,Americas,Caribbean,Developing and Transition,Non G20,,Non-OECD,Not in Europe,Not in Pacific Region,Not in Africa,Netherlands Antillean Guilder,ANG,SXM
SYC,SYC,SC,690,Seychelles,Seychelles,les Seychelles,,,,,Sub-Saharan Africa,Africa,High-income economies,Emerging and Developing Economies,High human development,COMESA + SADC,,Africa,Eastern Africa,Developing and Transition,Non G20,Other Emerging and Developing Economies,Non-OECD,Not in Europe,Not in Pacific Region,"Signed, not ratified",Seychelles Rupee,SCR,SYC
SYR,SYR,SY,760,Syrian Arab Republic,República Árabe Siria,République arabe syrienne,,,,,Middle East & N. Africa,Asia,Lower-middle-income economies,Emerging and Developing Economies,Low human development,,Asia Pacific,Asia,Western Asia,Developing and Transition,Non G20,Other Emerging and Developing Economies,Non-OECD,Not in Europe,Not in Pacific Region,Not in Africa,Syrian Pound,SYP,SYR
TCA,TCA,TC,796,Turks and Caicos Islands,Islas Turcas y Caicos,îles Turques-et-Caïques,United Kingdom,Overseas Territory,,,"S. & C. America, Caribbean",North America,High-income economies,Advanced Economies,,,North America,Americas,Caribbean,Developing and Transition,Non G20,,Non-OECD,Not in Europe,Not in Pacific Region,Ratified,US Dollar,USD,TCA
TCD,TCD,TD,148,Chad,Chad,Tchad,,,,,Sub-Saharan Africa,Africa,Low-income economies,Emerging and Developing Economies,Low human development,CEMAC,,Africa,Middle Africa,Developing and Transition,Non G20,Other Emerging and Developing Economies,Non-OECD,Not in Europe,Not in Pacific Region,Other Africa,CFA Franc BEAC,XAF,TCD
TGO,TGO,TG,768,Togo,Ir,Aller,,,,,Sub-Saharan Africa,Africa,Low-income economies,Emerging and Developing Economies,Low human development,ECOWAS + WAEMU,,Africa,Western Africa,Developing and Transition,Non G20,Other Emerging and Developing Economies,Non-OECD,Not in Europe,Not in Pacific Region,Ratified,CFA Franc BCEAO,XOF,TGO
THA,THA,TH,764,Thailand,Tailandia,Thaïlande,,,,,East Asia & Pacific,Asia,Upper-middle-income economies,Emerging and Developing Economies,High human development,ASEAN,Asia Pacific,Asia,South-Eastern Asia,Developing and Transition,Non G20,Other Emerging and Developing Economies,Non-OECD,Not in Europe,Other Pacific Region,Not in Africa,Baht,THB,THA
TJK,TJK,TJ,762,Tajikistan,Tayikistán,Tadjikistan,,,,,South & Central Asia,Asia,Lower-middle-income economies,Emerging and Developing Economies,Medium human development,,Asia Pacific,Asia,Central Asia,Developing and Transition,Non G20,Other Emerging and Developing Economies,Non-OECD,Not in Europe,Not in Pacific Region,Not in Africa,Somoni,TJS,TJK
TKL,TKL,TK,772,Tokelau,Tokelau,Tokelau,New Zealand,Territory,,,East Asia & Pacific,Oceania,,Advanced Economies,,,Asia Pacific,Oceania,Polynesia,Developing and Transition,Non G20,,Non-OECD,Not in Europe,Other Pacific Region,Not in Africa,New Zealand Dollar,NZD,TKL
TKM,TKM,TM,795,Turkmenistan,Turkmenistán,Turkménistan,,,,,South & Central Asia,Asia,Upper-middle-income economies,Emerging and Developing Economies,Medium human development,,Asia Pacific,Asia,Central Asia,Developing and Transition,Non G20,Other Emerging and Developing Economies,Non-OECD,Not in Europe,Not in Pacific Region,Not in Africa,Turkmenistan New Manat,TMT,TKM
TLS,TLS,TL,626,Timor-Leste,Timor-Leste,Timor-Leste,,,2002,,East Asia & Pacific,Oceania,Lower-middle-income economies,Emerging and Developing Economies,Medium human development,,Asia Pacific,Asia,South-Eastern Asia,Developing and Transition,Non G20,Other Emerging and Developing Economies,Non-OECD,Not in Europe,Other Pacific Region,Not in Africa,US Dollar,USD,TMP
TON,TON,TO,776,Tonga,Tonga,Tonga,,,,,East Asia & Pacific,Oceania,Upper-middle-income economies,Emerging and Developing Economies,High human development,,Asia Pacific,Oceania,Polynesia,Developing and Transition,Non G20,Other Emerging and Developing Economies,Non-OECD,Not in Europe,Other Pacific Region,Not in Africa,Pa'anga,TOP,TON
TTO,TTO,TT,780,Trinidad and Tobago,Trinidad y Tobago,Trinité-et-Tobago,,,,,"S. & C. America, Caribbean",North America,High-income economies,Emerging and Developing Economies,High human development,CARICOM,North America,Americas,Caribbean,Developing and Transition,Non G20,Other Emerging and Developing Economies,Non-OECD,Not in Europe,Not in Pacific Region,Not in Africa,Trinidad and Tobago Dollar,TTD,TTO
TUN,TUN,TN,788,Tunisia,Túnez,Tunisie,,,,,Middle East & N. Africa,Africa,Lower-middle-income economies,Emerging and Developing Economies,High human development,,,Africa,Northern Africa,Developing and Transition,Non G20,Other Emerging and Developing Economies,Non-OECD,Not in Europe,Not in Pacific Region,"Signed, not ratified",Tunisian Dinar,TND,TUN
TUR,TUR,TR,792,Turkey,pavo,dinde,,,,,South & Central Asia,Asia,Upper-middle-income economies,Emerging and Developing Economies,High human development,,Asia Pacific,Asia,Western Asia,Developing and Transition,G20,Other Emerging and Developing Economies,OECD,Not in Europe,Not in Pacific Region,Not in Africa,Turkish Lira,TRY,TUR
TUV,TUV,TV,798,Tuvalu,Tuvalu,Tuvalu,,,,,East Asia & Pacific,Oceania,Upper-middle-income economies,Emerging and Developing Economies,,,Asia Pacific,Oceania,Polynesia,Developing and Transition,Non G20,Other Emerging and Developing Economies,Non-OECD,Not in Europe,Other Pacific Region,Not in Africa,Australian Dollar,AUD,TUV
TWN,TWN,TW,158,Taiwan (China),Taiwán (China),Taïwan (Chine),China,Disputed Territory,,,East Asia & Pacific,Asia,High-income economies,Advanced Economies,,,Asia Pacific,Asia,Eastern Asia,Developing and Transition,Non G20,Other Advanced Economies,Non-OECD,Not in Europe,Other Pacific Region,Not in Africa,New Taiwan Dollar,TWD,TWN
TZA,TZA,TZ,834,Tanzania,Tanzania,Tanzanie,,,,,Sub-Saharan Africa,Africa,Low-income economies,Emerging and Developing Economies,Low human development,SADC,,Africa,Eastern Africa,Developing and Transition,Non G20,Other Emerging and Developing Economies,Non-OECD,Not in Europe,Not in Pacific Region,Other Africa,Tanzanian Shilling,TZS,TZA
UGA,UGA,UG,800,Uganda,Uganda,Ouganda,,,,,Sub-Saharan Africa,Africa,Low-income economies,Emerging and Developing Economies,Low human development,COMESA,,Africa,Eastern Africa,Developing and Transition,Non G20,Other Emerging and Developing Economies,Non-OECD,Not in Europe,Not in Pacific Region,Ratified,Uganda Shilling,UGX,UGA
UKR,UKR,UA,804,Ukraine,Ucrania,Ukraine,,,,,Europe,Europe,Lower-middle-income economies,Emerging and Developing Economies,High human development,,Europe,Europe,Eastern Europe,Developed,Non G20,Other Emerging and Developing Economies,Non-OECD,Other Europe,Not in Pacific Region,Not in Africa,Hryvnia,UAH,UKR
UMI,UMI,UM,581,U.S. Minor Outlying Islands,Islas periféricas menores de EE. UU.,Îles mineures éloignées des États-Unis,United States,Insular Areas,,,East Asia & Pacific,Oceania,,Advanced Economies,,,Asia Pacific,,,,Non G20,,Non-OECD,Not in Europe,United States,Not in Africa,US Dollar,USD,UMI
UNK,UNK,XK,,Kosovo (Republic of),Kosovo (República de),Kosovo (République du),Serbia,Disputed Territory,2008,,Europe,Europe,Lower-middle-income economies,Emerging and Developing Economies,,,Europe,Europe,Southern Europe,Developed,Non G20,Other Emerging and Developing Economies,Non-OECD,Other Europe,Not in Pacific Region,Not in Africa,Euro,EUR,KSV
URY,URY,UY,858,Uruguay,Uruguay,Uruguay,,,,,"S. & C. America, Caribbean",South America,High-income economies,Emerging and Developing Economies,High human development,Mercosur,,Americas,South America,Developing and Transition,Non G20,Other Emerging and Developing Economies,Non-OECD,Not in Europe,Not in Pacific Region,Not in Africa,Peso Uruguayo,UYU,URY
USA,USA,US,840,United States,Estados Unidos,États Unis,,,,,North America,North America,High-income economies,Advanced Economies,Very high human development,NAFTA,North America,Americas,Northern America,Developed,G20,G7,OECD,Not in Europe,Other Pacific Region,Not in Africa,US Dollar,USD,USA
UZB,UZB,UZ,860,Uzbekistan,Uzbekistán,Ouzbékistan,,,,,South & Central Asia,Asia,Lower-middle-income economies,Emerging and Developing Economies,High human development,,Asia Pacific,Asia,Central Asia,Developing and Transition,Non G20,Other Emerging and Developing Economies,Non-OECD,Not in Europe,Not in Pacific Region,Not in Africa,Uzbekistan Sum,UZS,UZB
VAT,VAT,VA,336,Holy See,Santa Sede,Saint-Siège,,,,,Europe,Europe,,Advanced Economies,,,Europe,Europe,Southern Europe,Developed,Non G20,,Non-OECD,Other Europe,Not in Pacific Region,Not in Africa,Euro,EUR,VAT
VCT,VCT,VC,670,St. Vincent and the Grenadines,San Vicente y las Granadinas,Saint-Vincent-et-les Grenadines,,,,,"S. & C. America, Caribbean",North America,Upper-middle-income economies,Emerging and Developing Economies,High human development,CARICOM,North America,Americas,Caribbean,Developing and Transition,Non G20,Other Emerging and Developing Economies,Non-OECD,Not in Europe,Not in Pacific Region,Not in Africa,East Caribbean Dollar,XCD,VCT
VEN,VEN,VE,862,Venezuela (Bolivarian Republic of),Venezuela (República Bolivariana de),Venezuela (République bolivarienne du),,,,,"S. & C. America, Caribbean",South America,Upper-middle-income economies,Emerging and Developing Economies,High human development,Mercosur,,Americas,South America,Developing and Transition,Non G20,Other Emerging and Developing Economies,Non-OECD,Not in Europe,Not in Pacific Region,Not in Africa,Bol√Øvar,VEF,VEN
VGB,VGB,VG,92,British Virgin Islands,Islas Vírgenes Británicas,Îles Vierges britanniques,United Kingdom,Overseas Territory,,,"S. & C. America, Caribbean",North America,High-income economies,Advanced Economies,,,North America,Americas,Caribbean,Developing and Transition,Non G20,,Non-OECD,Not in Europe,Not in Pacific Region,Not in Africa,US Dollar,USD,VGB
VIR,VIR,VI,850,Virgin Islands (U.S.),Islas Vírgenes (EE. UU.),Îles Vierges (États-Unis),United States,Unincorporated Territory,,,"S. & C. America, Caribbean",North America,High-income economies,Advanced Economies,,,North America,Americas,Caribbean,Developing and Transition,Non G20,,Non-OECD,Not in Europe,United States,Not in Africa,US Dollar,USD,VIR
VNM,VNM,VN,704,Viet Nam,Vietnam,Viet Nam,,,,,East Asia & Pacific,Asia,Lower-middle-income economies,Emerging and Developing Economies,Medium human development,ASEAN,Asia Pacific,Asia,South-Eastern Asia,Developing and Transition,Non G20,Other Emerging and Developing Economies,Non-OECD,Not in Europe,CPTPP,Not in Africa,Dong,VND,VNM
VUT,VUT,VU,548,Vanuatu,Vanuatu,Vanuatu,,,,,East Asia & Pacific,Oceania,Lower-middle-income economies,Emerging and Developing Economies,Medium human development,,Asia Pacific,Oceania,Melanesia,Developing and Transition,Non G20,Other Emerging and Developing Economies,Non-OECD,Not in Europe,Other Pacific Region,Not in Africa,Vatu,VUV,VUT
WLF,WLF,WF,876,Wallis and Futuna Islands,Islas Wallis y Futuna,Îles Wallis et Futuna,France,Overseas Collectivity,,,East Asia & Pacific,Oceania,,Advanced Economies,,,Asia Pacific,Oceania,Polynesia,Developing and Transition,Non G20,,Non-OECD,Not in Europe,Other Pacific Region,Not in Africa,CFP Franc,XPF,WLF
WSM,WSM,WS,882,Samoa,Samoa,Samoa,,,,,East Asia & Pacific,Oceania,Upper-middle-income economies,Emerging and Developing Economies,High human development,,Asia Pacific,Oceania,Polynesia,Developing and Transition,Non G20,Other Emerging and Developing Economies,Non-OECD,Not in Europe,Other Pacific Region,Not in Africa,Tala,WST,WSM
YEM,YEM,YE,887,Yemen,Yemen,Yémen,,,,,Middle East & N. Africa,Asia,Lower-middle-income economies,Emerging and Developing Economies,Low human development,,Asia Pacific,Asia,Western Asia,Developing and Transition,Non G20,Other Emerging and Developing Economies,Non-OECD,Not in Europe,Not in Pacific Region,Not in Africa,Yemeni Rial,YER,YEM
YUG,YUG,YU,890,Yugoslavia,Yugoslavia,Yougoslavie,,,,2003,Europe,Europe,,,,,Europe,,,,Non G20,,Non-OECD,Other Europe,Not in Pacific Region,Not in Africa,,,
ZAF,ZAF,ZA,710,South Africa,Sudáfrica,Afrique du Sud,,,,,Sub-Saharan Africa,Africa,Upper-middle-income economies,Emerging and Developing Economies,Medium human development,SADC,,Africa,Southern Africa,Developing and Transition,G20,Other Emerging and Developing Economies,Non-OECD,Not in Europe,Not in Pacific Region,Ratified,Rand,ZAR,ZAF
ZMB,ZMB,ZM,894,Zambia,Zambia,Zambie,,,,,Sub-Saharan Africa,Africa,Lower-middle-income economies,Emerging and Developing Economies,Medium human development,COMESA + SADC,,Africa,Eastern Africa,Developing and Transition,Non G20,Other Emerging and Developing Economies,Non-OECD,Not in Europe,Not in Pacific Region,"Signed, not ratified",Zambian Kwacha,ZMW,ZMB
ZWE,ZWE,ZW,716,Zimbabwe,Zimbabue,Zimbabwe,,,,,Sub-Saharan Africa,Africa,Low-income economies,Emerging and Developing Economies,Low human development,COMESA + SADC,,Africa,Eastern Africa,Developing and Transition,Non G20,Other Emerging and Developing Economies,Non-OECD,Not in Europe,Not in Pacific Region,"Signed, not ratified",Zimbabwe Dollar,ZWL,ZWE